# Dead outbound links and their replacements, applied by tools/convert.py.
# Kept here rather than edited into _posts/ because convert.py regenerates
# those files from the WordPress snapshot.
#
# Format: <old url><TAB><new url><TAB><why>      ('#' starts a comment)
#
# The old Caldeira Lab pages at dge.stanford.edu are gone (the domain no
# longer resolves). The papers they described now have pages on ciunit.org.

http://dge.stanford.edu/labs/caldeiralab/Caldeira_research/Govindasamy_Caldeira2.html	https://ciunit.org/publications/govindasamy-2000-first-simulations.html	Govindasamy & Caldeira 2000, Geophys. Res. Lett. - "Geoengineering Earth's radiation balance to mitigate CO2-induced climate change"
http://dge.stanford.edu/labs/caldeiralab/Caldeira_research/Hoffert_Caldeira3.html	https://ciunit.org/publications/hoffert-1998-stabilization-energy.html	Hoffert et al. 1998, Nature - "Energy implications of future stabilization of atmospheric CO2 content" (the 1998 Aspen paper)
http://dge.stanford.edu/labs/caldeiralab/Caldeira_research/Albright_OneTree.html	https://ciunit.org/publications/albright-2018-co2-addition-reef.html	Albright et al. 2018, Nature - "Carbon dioxide addition to coral reef waters suppresses net community calcification" (the One Tree Island CO2-plume experiment described in the post)
